excluir,Tipo,NombreEvento,Título,Organizador,Alcance,InstituciónSede,Direccion,Año,FechaInicio,FechaFin,Autores,Financiamento,Proyecto,Etapa,Prioridad,URL,Archivo,Imagen
,reunion,,Reunión Anual del Proyecto LEntiGob,Proyecto LEntiGob,,"Centro de Investigaciones Interdisciplinarias en Ciencias y Humanidades, UNAM",,2026,2026/08/05,2026/08/07,Equipo Completo,,,,,,,assets/media/IMG_1313.JPG
,ponencia,"Metodólogas en Ciencias Sociales. Trayectorias, experiencias y aportes de mujeres que construyen el conocimiento social,","El panorama de los métodos cuantitativos desde la mirada de las investigadoras: contextos, experiencias y desafíos,",FLACSO MÉXICO (Facultad Latinoamericana de Ciencias Sociales Sede Académica México),Nacional,FLACSO MÉXICO (Facultad Latinoamericana de Ciencias Sociales Sede Académica México),"Carr. Picacho - Ajusco 377, Héroes de Padierna, Tlalpan. Ciudad de México 14200",2026,2026/05/20,2026/05/20,Mariana Esther Martínez Sánchez,No,,,,https://example.com,Test File.pdf,
,ponencia,10mo Congreso Anual de la Memory Studies Association,"Memory Against Déjà Vu ",Memory Studies Association,Internacional,"Universidad Torcuato DiTella, Buenos Aires",,2026,2026/07/29,2026/07/29,Víctor Mireles,,,,,,,
,ponencia,Seminario del Área de Tecnologías del Lenguaje,Generación semi-automática de grafos de conocimienot utilizando modelos del lenguaje y bases de datos de vectores,Centro de Estudios Lingüisticos y Literarios,Nacional,El Colego de México,,2026,2026/04/23,2026/04/23,"Víctor Mireles",,,,,https://www.youtube.com/live/89P_LNGHYPs,,assets/media/2026-Text2KG-Colmex.jpg
,,,,,,,,,,,,,,,,,,
,,,,,,,,,,,,,,,,,,
,,,,,,,,,,,,,,,,,,
,,,,,,,,,,,,,,,,,,
,,,,,,,,,,,,,,,,,,
,,,,,,,,,,,,,,,,,,
,,,,,,,,,,,,,,,,,,
,,,,,,,,,,,,,,,,,,
,,,,,,,,,,,,,,,,,,
,,,,,,,,,,,,,,,,,,
,,,,,,,,,,,,,,,,,,
,,,,,,,,,,,,,,,,,,
,,,,,,,,,,,,,,,,,,
,,,,,,,,,,,,,,,,,,
,,,,,,,,,,,,,,,,,,
,,,,,,,,,,,,,,,,,,
,,,,,,,,,,,,,,,,,,
,,,,,,,,,,,,,,,,,,
,,,,,,,,,,,,,,,,,,
,,,,,,,,,,,,,,,,,,
,,,,,,,,,,,,,,,,,,
,,,,,,,,,,,,,,,,,,
,,,,,,,,,,,,,,,,,,
,,,,,,,,,,,,,,,,,,
,,,,,,,,,,,,,,,,,,
,,,,,,,,,,,,,,,,,,
,,,,,,,,,,,,,,,,,,
,,,,,,,,,,,,,,,,,,
,,,,,,,,,,,,,,,,,,
,,,,,,,,,,,,,,,,,,
,,,,,,,,,,,,,,,,,,
,,,,,,,,,,,,,,,,,,
,,,,,,,,,,,,,,,,,,
,,,,,,,,,,,,,,,,,,
,,,,,,,,,,,,,,,,,,
,,,,,,,,,,,,,,,,,,
,,,,,,,,,,,,,,,,,,
